{"protoVersion":"5","mainModule":{"submodules":[{"submodules":[{"submodules":[{"torchscriptArena":{"key":"code/wrapped_rnn_loop_cell_dg.py"},"name":"dg","optimize":true,"torchscriptDebugArena":{"key":"debug/wrapped_rnn_loop_cell_dg.pkl"}},{"parameters":[{"isBuffer":false,"tensorId":"0","name":"weight"},{"isBuffer":false,"tensorId":"1","name":"bias"}],"name":"linear","optimize":true}],"torchscriptArena":{"key":"code/wrapped_rnn_loop_cell.py"},"name":"cell","optimize":true,"torchscriptDebugArena":{"key":"debug/wrapped_rnn_loop_cell.pkl"}}],"torchscriptArena":{"key":"code/wrapped_rnn_loop.py"},"name":"loop","optimize":true,"torchscriptDebugArena":{"key":"debug/wrapped_rnn_loop.pkl"}}],"torchscriptArena":{"key":"code/wrapped_rnn.py"},"name":"wrapped_rnn","optimize":true,"torchscriptDebugArena":{"key":"debug/wrapped_rnn.pkl"}},"producerName":"pytorch","producerVersion":"1.0","tensors":[{"dims":["4","4"],"offset":"0","strides":["4","1"],"requiresGrad":true,"dataType":"FLOAT","data":{"key":"tensors/0"},"device":"cpu","isQuantized":false},{"dims":["4"],"offset":"0","strides":["1"],"requiresGrad":true,"dataType":"FLOAT","data":{"key":"tensors/1"},"device":"cpu","isQuantized":false}]}